{
  "max_possible_r2": 0.9046376135387835,
  "weights": {
    "Hardness (HV)": {
      "R2": 0.9490333781135203,
      "weights": [
        0.6,
        0.25,
        0.15
      ]
    },
    "Yield Strength (MPa)": {
      "R2": 0.9219046747499264,
      "weights": [
        0.6,
        0.4,
        0.1
      ]
    },
    "UTS (MPa)": {
      "R2": 0.8514035357779215,
      "weights": [
        0.8,
        -0.2,
        0.4
      ]
    },
    "Elongation (%)": {
      "R2": 0.8065056887808228,
      "weights": [
        0.8,
        0.25,
        0.05
      ]
    },
    "Young Modulus (GPa)": {
      "R2": 0.994340790271727,
      "weights": [
        0.4,
        0.25,
        0.4
      ]
    }
  }
}