{
  "Hardness (HV)": {
    "Hybrid": 0.8297637604829942,
    "DNN": 0.8021814823150635,
    "RF": 0.8171078042669788,
    "XGBoost": 0.7970424890518188,
    "ADMM": 0.715973488789807
  },
  "Yield Strength (MPa)": {
    "Hybrid": 0.8079906690625503,
    "DNN": 0.7772681713104248,
    "RF": 0.804181999228378,
    "XGBoost": 0.7751662731170654,
    "ADMM": 0.7656845724704849
  },
  "UTS (MPa)": {
    "Hybrid": 0.7322987852970098,
    "DNN": 0.5895186066627502,
    "RF": 0.7322987852970098,
    "XGBoost": 0.6807856559753418,
    "ADMM": 0.6983361127717335
  },
  "Elongation (%)": {
    "Hybrid": 0.5264841818444137,
    "DNN": 0.41920703649520874,
    "RF": 0.5264841818444137,
    "XGBoost": 0.5302584767341614,
    "ADMM": 0.3995622579661602
  },
  "Young Modulus (GPa)": {
    "Hybrid": 0.9992036172804918,
    "DNN": 0.9710419178009033,
    "RF": 0.9992036172804918,
    "XGBoost": 0.9974844455718994,
    "ADMM": 0.9820404899196624
  }
}