{
  "Curie Temperature (K)": {
    "DNN": 0.652944803237915,
    "RF": 0.8048586722047795,
    "XGBoost": 0.7708274126052856,
    "ADMM": 0.6828115683810462,
    "Hybrid": 0.74452746937606
  }
}