{
  "MPEA Dataset": {
    "Hybrid Model (Ours)": 0.9126,
    "DNN": 0.8852,
    "RF": 0.8904,
    "XGBoost": 0.8067,
    "ADMM": 0.8839
  },
  "matbench_expt_gap": {
    "DNN": 0.39830994606018066,
    "RF": 0.45620561232834056,
    "XGBoost": 0.39876723289489746,
    "ADMM": 0.32642784956499427,
    "Hybrid Model (Ours)": 0.4570384324121236
  },
  "matbench_glass": {
    "DNN": 0.2838466167449951,
    "RF": 0.40974822070752015,
    "XGBoost": 0.3670172095298767,
    "ADMM": 0.1606696813661913,
    "Hybrid Model (Ours)": 0.4135138307100127
  }
}