{
  "Yield Strength (MPa)": {
    "Hybrid": 0.914151048521053,
    "DNN": 0.8902177810668945,
    "RF": 0.9248036116336644,
    "XGBoost": 0.9418851733207703,
    "ADMM": 0.8855775043360916
  },
  "UTS (MPa)": {
    "Hybrid": 0.9750319377306037,
    "DNN": 0.9472712874412537,
    "RF": 0.9715009362124267,
    "XGBoost": 0.9779210686683655,
    "ADMM": 0.9777393432227311
  }
}