{
  "PROPERTY: Critical Temperature (K)": {
    "Hybrid": 0.9178148214527819,
    "DNN": 0.8932222940991941,
    "RF": 0.9319933738216074,
    "XGBoost": 0.9310884809173665,
    "ADMM": 0.01935763039309224
  }
}