{
  "test_metrics": {
    "Hardness (HV)": {
      "R2": 0.9404486407770316,
      "MAE": 38.16583476304897,
      "RMSE": 54.619593299506384
    },
    "Yield Strength (MPa)": {
      "R2": 0.94736505165413,
      "MAE": 85.89798053417927,
      "RMSE": 140.53184262320323
    },
    "UTS (MPa)": {
      "R2": 0.851476953205795,
      "MAE": 124.94461661569899,
      "RMSE": 184.74851410538068
    },
    "Elongation (%)": {
      "R2": 0.9031052696138766,
      "MAE": 4.0171824820079935,
      "RMSE": 6.568938013007235
    },
    "Young Modulus (GPa)": {
      "R2": 0.9993120280771534,
      "MAE": 0.5435502924896676,
      "RMSE": 1.2925453495139714
    }
  },
  "overall_avg_r2": 0.9283415886655974
}